[
    {
        "id": 1,
        "name": "Room 101",
        "type": "Single",
        "size": "20 sqm",
        "price": 100,
        "status": "Available"
    },
    {
        "id": 2,
        "name": "Room 102",
        "type": "Double",
        "size": "30 sqm",
        "price": 150,
        "status": "Occupied"
    },
    {
        "id": 3,
        "name": "Room 103",
        "type": "Suite",
        "size": "50 sqm",
        "price": 250,
        "status": "Available"
    },
    {
        "id": 4,
        "name": "Room 104",
        "type": "Single",
        "size": "20 sqm",
        "price": 100,
        "status": "Under Maintenance"
    },
    {
        "id": 5,
        "name": "Room 105",
        "type": "Double",
        "size": "30 sqm",
        "price": 150,
        "status": "Available"
    }
]